Nombre,Estado,Partido,Correo,Comisiones
Isidro Enrique Villegas García,Veracruz,MORENA,enrique.villegas@diputados.gob.mx,"Asuntos Frontera Sur, Medio Ambiente y Recursos Naturales, Ciencia, Tecnología e Innovación"
Zaria Aguilera Claro,Estado de México,MORENA,zaria.aguilera@diputados.gob.mx,"Zonas Metropolitanas, Seguridad Ciudadana, Recursos Hidráulicos, Agua Potable y Saneamiento, Jurisdiccional"
Rocío Adriana Abreu Artiñano,Campeche,MORENA,rocio.abreu@diputados.gob.mx,"Salud, Hacienda y Crédito Público, Energía"
Juana Acosta Trujillo,Guanajuato,MORENA,juana.acosta@diputados.gob.mx,"Pesca, Ganadería, Economía Social y Fomento del Cooperativismo"
José Javier Aguirre Gallardo,Guanajuato,MORENA,jose.aguirre@diputados.gob.mx,"Vivienda, Infraestructura, Energía"
Luis Humberto Aldana Navarro,Quintana Roo,MORENA,luis.aldana@diputados.gob.mx,"Medio Ambiente y Recursos Naturales, Turismo, Reforma Política-Electoral"
Agustín Alonso Gutiérrez,Morelos,MORENA,agustin.alonso@diputados.gob.mx,"Jurisdiccional, Hacienda y Crédito Público, Educación, Defensa Nacional"
Jesús Emiliano Álvarez López,Ciudad de México,MORENA,jesus.alvarez@diputados.gob.mx,"Zonas Metropolitanas, Seguridad Social, Salud"
Mónica Angélica Álvarez Nemer,Estado de México,MORENA,monica.alvarez@diputados.gob.mx,"Presupuesto y Cuenta Pública, Energía, Economía, Comercio y Competitividad"
Raúl Álvarez Villaseñor,Jalisco,MORENA,raul.alvarez@diputados.gob.mx,"Presupuesto y Cuenta Pública, Marina, Energía"
Josefina Anaya Martínez,Estado de México,MORENA,josefina.anaya@diputados.gob.mx,"Turismo, Federalismo y Desarrollo Municipal, Economía Social y Fomento del Cooperativismo"
Sandra Anaya Villegas,Morelos,MORENA,sandra.anaya@diputados.gob.mx,"Seguridad Ciudadana, Energía, Deporte"
Daniel Andrade Zurutuza,Hidalgo,MORENA,daniel.andrade@diputados.gob.mx,"Vigilancia de la Auditoría Superior de la Federación, Presupuesto y Cuenta Pública, Jurisdiccional, Infraestructura"
Carol Antonio Altamirano,Oaxaca,MORENA,carol.antonio@diputados.gob.mx,"Hacienda y Crédito Público, Vigilancia de la Auditoría Superior de la Federación, Turismo"
Giselle Yunueen Arellano Ávila,Jalisco,MORENA,giselle.arellano@diputados.gob.mx,"Relaciones Exteriores, Medio Ambiente y Recursos Naturales, Deporte"
Carmen Patricia Armendáriz Guerra,Chiapas,MORENA,carmen.armendariz@diputados.gob.mx,"Recursos Hidráulicos, Agua Potable y Saneamiento, Economía, Comercio y Competitividad, Cambio Climático y Sostenibilidad"
Magaly Armenta Oliveros,Veracruz,MORENA,magaly.armenta@diputados.gob.mx,"Transparencia y Anticorrupción, Medio Ambiente y Recursos Naturales, Cambio Climático y Sostenibilidad"
Haidyd Arreola Lopez,Jalisco,MORENA,haidyd.arreola@diputados.gob.mx,"Puntos Constitucionales, Ganadería, Comunicaciones y Transportes"
Azucena Arreola Trinidad,Chiapas,MORENA,azucena.arreola@diputados.gob.mx,"Vivienda, Asuntos Frontera Sur, Pesca"
Xóchitl Teresa Arzola Vargas,Estado de México,MORENA,xochitl.arzola@diputados.gob.mx,"Zonas Metropolitanas, Medio Ambiente y Recursos Naturales, Desarrollo Urbano y Ordenamiento Territorial"
Daniel Asaf Manjarrez,Ciudad de México,MORENA,daniel.asaf@diputados.gob.mx,"Relaciones Exteriores, Energía, Defensa Nacional"
Francisco Arturo Federico Ávila Anaya,Aguascalientes,MORENA,francisco.avila@diputados.gob.mx,"Defensa Nacional, Relaciones Exteriores, Presupuesto y Cuenta Pública"
Mildred Concepción Ávila Vera,Quintana Roo,MORENA,mildred.avila@diputados.gob.mx,"Seguridad Ciudadana, Igualdad de Género, Derechos Humanos"
Leide Avilés Domínguez,Estado de México,MORENA,leide.aviles@diputados.gob.mx,"Vivienda, Seguridad Ciudadana, Pueblos Indígenas y Afromexicanos"
Ana Elizabeth Ayala Leyva,Sinaloa,MORENA,ana.ayala@diputados.gob.mx,"Vigilancia de la Auditoría Superior de la Federación, Presupuesto y Cuenta Pública, Hacienda y Crédito Público"
Manuel De Jesús Baldenebro Arredondo,Sonora,MORENA,manuel.baldenebro@diputados.gob.mx,"Trabajo y Previsión Social, Radio y Televisión, Comunicaciones y Transportes"
María De Los Ángeles Ballesteros García,Puebla,MORENA,maria.ballesteros@diputados.gob.mx,"Ganadería, Energía, Educación"
Rocío Natalí Barrera Puc,Yucatán,MORENA,natali.barrera@diputados.gob.mx,"Pueblos Indígenas y Afromexicanos, Educación, Derechos de la Niñez y Adolescencia"
Ariadna Barrera Vázquez,Morelos,MORENA,ariadna.barrera@diputados.gob.mx,"Vivienda, Trabajo y Previsión Social, Medio Ambiente y Recursos Naturales"
Gabriela Del Carmen Basto González,Campeche,MORENA,gabriela.basto@diputados.gob.mx,"Energía, Economía, Comercio y Competitividad, Comunicaciones y Transportes"
Juan Angel Bautista Bravo,Estado de México,MORENA,juan.bautista@diputados.gob.mx,"Federalismo y Desarrollo Municipal, Régimen, Reglamentos y Prácticas Parlamentarias, Educación"
María Del Carmen Bautista Peláez,Oaxaca,MORENA,maria.bautista@diputados.gob.mx,"Salud, Recursos Hidráulicos, Agua Potable y Saneamiento, Puntos Constitucionales"
Anay Beltrán Reyes,Estado de México,MORENA,anay.beltran@diputados.gob.mx,"Régimen, Reglamentos y Prácticas Parlamentarias, Reforma Política-Electoral, Derechos Humanos"
Rufina Benítez Estrada,Querétaro,MORENA,rufina.benitez@diputados.gob.mx,"Economía Social y Fomento del Cooperativismo, Diversidad, Desarrollo y Conservación Rural, Agrícola y Autosuficiencia Alimentaria"
Mariana Benítez Tiburcio,Oaxaca,MORENA,mariana.benitez@diputados.gob.mx,"Puntos Constitucionales, Igualdad de Género, Justicia"
Bruno Blancas Mercado,Jalisco,MORENA,bruno.blancas@diputados.gob.mx,"Economía, Comercio y Competitividad, Turismo, Marina"
Cuauhtémoc Blanco Bravo,Ciudad de México,MORENA,cuauhtemoc.blanco@diputados.gob.mx,"Zonas Metropolitanas, Presupuesto y Cuenta Pública, Deporte"
Francisco Javier Borrego Adame,Coahuila,MORENA,francisco.borrego@diputados.gob.mx,"Recursos Hidráulicos, Agua Potable y Saneamiento, Ganadería, Comunicaciones y Transportes"
Oscar Iván Brito Zapata,Yucatán,MORENA,oscar.brito@diputados.gob.mx,"Puntos Constitucionales, Presupuesto y Cuenta Pública, Justicia"
Hilda Araceli Brown Figueredo,Baja California,MORENA,hilda.brown@diputados.gob.mx,"Movilidad, Cultura y Cinematografía, Bienestar"
Anais Miriam Burgos Hernández,Estado de México,MORENA,anais.burgos@diputados.gob.mx,"Turismo, Radio y Televisión, Igualdad de Género"
Venustiano Caamal Cocom,Yucatán,MORENA,venustiano.caamal@diputados.gob.mx,"Pueblos Indígenas y Afromexicanos, Medio Ambiente y Recursos Naturales, Comunicaciones y Transportes"
Hector Armando Cabada Alvidrez,Chihuahua,MORENA,hector.cabada@diputados.gob.mx,"Relaciones Exteriores, Radio y Televisión, Asuntos Frontera Norte"
Karen Yaiti Calcaneo Constantino,Chiapas,MORENA,karen.calcaneo@diputados.gob.mx,"Vigilancia de la Auditoría Superior de la Federación, Radio y Televisión, Pesca"
Alejandro Calderón Díaz,Guanajuato,MORENA,alejandro.calderon@diputados.gob.mx,"Derechos Humanos, Bienestar, Atención a Grupos Vulnerables"
Daniel Campos Plancarte,Ciudad de México,MORENA,daniel.campos@diputados.gob.mx,"Reforma Política-Electoral, Medio Ambiente y Recursos Naturales, Deporte"
Clara Cárdenas Galván,Jalisco,MORENA,clara.cardenas@diputados.gob.mx,"Zonas Metropolitanas, Puntos Constitucionales, Defensa Nacional"
Beatriz Carranza Gómez,Jalisco,MORENA,beatriz.carranza@diputados.gob.mx,"Juventud, Comunicaciones y Transportes, Atención a Grupos Vulnerables"
Melva Carrasco Godínez,Estado de México,MORENA,melva.carrasco@diputados.gob.mx,"Energía, Cultura y Cinematografía, Comunicaciones y Transportes"
Olegaria Carrazco Macías,Sinaloa,MORENA,olegaria.carrazco@diputados.gob.mx,"Seguridad Social, Salud, Bienestar"
Mario Miguel Carrillo Cubillas,Puebla,MORENA,mario.carrillo@diputados.gob.mx,"Régimen, Reglamentos y Prácticas Parlamentarias, Trabajo y Previsión Social, Puntos Constitucionales, Gobernación y Población"
Alejandro Carvajal Hidalgo,Puebla,MORENA,alejandro.carvajal@diputados.gob.mx,"Vivienda, Seguridad Social, Economía, Comercio y Competitividad"
Favio Castellanos Polanco,Jalisco,MORENA,favio.castellanos@diputados.gob.mx,"Puntos Constitucionales, Infraestructura, Economía, Comercio y Competitividad"
Gilberto Daniel Castillo García,Jalisco,MORENA,gilberto.castillo@diputados.gob.mx,"Trabajo y Previsión Social, Seguridad Social, Salud"
Eduardo Castillo López,Puebla,MORENA,eduardo.castillo@diputados.gob.mx,"Asuntos Migratorios, Hacienda y Crédito Público, Jurisdiccional, Trabajo y Previsión Social"
Katia Alejandra Castillo Lozano,Jalisco,MORENA,katia.castillo@diputados.gob.mx,"Igualdad de Género, Transparencia y Anticorrupción, Puntos Constitucionales, Presupuesto y Cuenta Pública"
Francisco Adrián Castillo Morales,San Luis Potosí,MORENA,francisco.castillo@diputados.gob.mx,"Trabajo y Previsión Social, Salud, Gobernación y Población"
Carlos Alonso Castillo Pérez,Ciudad de México,MORENA,carlos.castillo@diputados.gob.mx,"Trabajo y Previsión Social, Bienestar, Desarrollo Urbano y Ordenamiento Territorial"
Elda Esther Del Carmen Castillo Quintana,Campeche,MORENA,elda.castillo@diputados.gob.mx,"Pesca, Educación, Desarrollo y Conservación Rural, Agrícola y Autosuficiencia Alimentaria"
Rosa María Castro Salinas,Oaxaca,MORENA,rosamaria.castro@diputados.gob.mx,"Pueblos Indígenas y Afromexicanos, Gobernación y Población, Derechos Humanos"
Fernando Jorge Castro Trenti,Baja California,MORENA,fernando.castro@diputados.gob.mx,"Salud, Marina, Hacienda y Crédito Público"
Antonio Lorenzo Castro Villarreal,Coahuila,MORENA,antonio.castro@diputados.gob.mx,"Vivienda, Energía, Educación"
Elizabeth Cervantes De La Cruz,Veracruz,MORENA,elizabeth.cervantes@diputados.gob.mx,"Infraestructura, Ciencia, Tecnología e Innovación, Recursos Hidráulicos, Agua Potable y Saneamiento"
Olga Leticia Chávez Rojas,Nuevo León,MORENA,olga.chavez@diputados.gob.mx,"Relaciones Exteriores, Energía, Asuntos Migratorios"
Alejandra Chedraui Peralta,Baja California,MORENA,alejandra.chedraui@diputados.gob.mx,"Turismo, Radio y Televisión, Cambio Climático y Sostenibilidad"
Claudia Selene Ávila Flores,Jalisco,MORENA,claudia.avila@diputados.gob.mx,"Transparencia y Anticorrupción, Relaciones Exteriores, Economía, Comercio y Competitividad"
Astrit Viridiana Cornejo Gómez,Hidalgo,MORENA,astrit.cornejo@diputados.gob.mx,"Zonas Metropolitanas, Puntos Constitucionales, Justicia"
Armando Corona Arvizu,Estado de México,MORENA,armando.corona@diputados.gob.mx,"Seguridad Ciudadana, Gobernación y Población, Educación"
Margarita Corro Mendoza,Veracruz,MORENA,margarita.corro@diputados.gob.mx,"Ganadería, Desarrollo y Conservación Rural, Agrícola y Autosuficiencia Alimentaria, Desarrollo Urbano y Ordenamiento Territorial"
Humberto Coss Y León Zúñiga,Veracruz,MORENA,humberto.cossyleon@diputados.gob.mx,"Defensa Nacional, Seguridad Ciudadana, Marina"
Ricardo Crespo Arroyo,Hidalgo,MORENA,ricardo.crespo@diputados.gob.mx,"Relaciones Exteriores, Energía, Comunicaciones y Transportes"
José Luis Cruz Lucatero,Michoacán,MORENA,joseluis.cruz@diputados.gob.mx,"Recursos Hidráulicos, Agua Potable y Saneamiento, Federalismo y Desarrollo Municipal, Economía Social y Fomento del Cooperativismo"
Carmelo Cruz Mendoza,Oaxaca,MORENA,carmelo.cruz@diputados.gob.mx,"Transparencia y Anticorrupción, Vigilancia de la Auditoría Superior de la Federación, Comunicaciones y Transportes"
Cintia Cuevas Sánchez,Coahuila,MORENA,cintia.cuevas@diputados.gob.mx,"Recursos Hidráulicos, Agua Potable y Saneamiento, Infraestructura, Comunicaciones y Transportes"
Alma Lidia De La Vega Sánchez,Hidalgo,MORENA,lidia.delavega@diputados.gob.mx,"Salud, Gobernación y Población, Cultura y Cinematografía"
Alma Rosa De La Vega Vargas,Guanajuato,MORENA,alma.delavega@diputados.gob.mx,"Economía Social y Fomento del Cooperativismo, Diversidad, Desarrollo Urbano y Ordenamiento Territorial"
Karina Margarita Del Río Zenteno,Chiapas,MORENA,karina.delrio@diputados.gob.mx,"Igualdad de Género, Bienestar, Asuntos Frontera Sur"
Alejandra Del Valle Ramírez,Durango,MORENA,alejandra.delvalle@diputados.gob.mx,"Presupuesto y Cuenta Pública, Igualdad de Género, Derechos de la Niñez y Adolescencia"
Catalina Díaz Vilchis,Estado de México,MORENA,catalina.diaz@diputados.gob.mx,"Derechos Humanos, Deporte, Atención a Grupos Vulnerables"
Graciela Domínguez Nava,Sinaloa,MORENA,graciela.dominguez@diputados.gob.mx,"Transparencia y Anticorrupción, Pesca, Educación"
Roberto Ángel Domínguez Rodríguez,Estado de México,MORENA,roberto.dominguez@diputados.gob.mx,"Salud, Recursos Hidráulicos, Agua Potable y Saneamiento, Gobernación y Población"
Yoloczin Lizbeth Domínguez Serna,Guerrero,MORENA,yoloczin.dominguez@diputados.gob.mx,"Presupuesto y Cuenta Pública, Infraestructura, Derechos Humanos"
María Teresa Ealy Díaz,Ciudad de México,MORENA,maria.ealy@diputados.gob.mx,"Juventud, Igualdad de Género, Justicia"
Sebastián Ebrard Lestrade,Estado de México,MORENA,sebastian.ebrard@diputados.gob.mx,"Radio y Televisión, Vigilancia de la Auditoría Superior de la Federación, Economía, Comercio y Competitividad"
Zenyazen Roberto Escobar García,Veracruz,MORENA,zenyazen.escobar@diputados.gob.mx,"Marina, Economía, Comercio y Competitividad, Cambio Climático y Sostenibilidad"
Manuel De Jesús Espino Barrientos,Durango,MORENA,manuel.espino@diputados.gob.mx,"Seguridad Ciudadana, Defensa Nacional, Comunicaciones y Transportes"
Flor De María Esponda Torres,Chiapas,MORENA,flor.esponda@diputados.gob.mx,"Presupuesto y Cuenta Pública, Igualdad de Género, Bienestar"
Francisco Javier Estrada Domínguez,Guanajuato,MORENA,fjavier.estrada@diputados.gob.mx,"Puntos Constitucionales, Hacienda y Crédito Público, Desarrollo Urbano y Ordenamiento Territorial"
Leticia Farfán Vázquez,Michoacán,MORENA,leticia.farfan@diputados.gob.mx,"Régimen, Reglamentos y Prácticas Parlamentarias, Presupuesto y Cuenta Pública, Hacienda y Crédito Público"
Monica Fernández Cesar,Ciudad de México,MORENA,monica.fernandez@diputados.gob.mx,"Seguridad Social, Salud, Defensa Nacional, Cultura y Cinematografía"
Luis Humberto Fernández Fuentes,Querétaro,MORENA,humberto.fernandez@diputados.gob.mx,"Presupuesto y Cuenta Pública, Ciencia, Tecnología e Innovación, Protección Civil y Prevención de Desastres"
José Armando Fernández Samaniego,Baja California,MORENA,armando.samaniego@diputados.gob.mx,"Seguridad Ciudadana, Recursos Hidráulicos, Agua Potable y Saneamiento, Hacienda y Crédito Público"
Zayra Linette Fernández Sarabia,Yucatán,MORENA,zayra.fernandez@diputados.gob.mx,"Marina, Juventud, Defensa Nacional"
Ana Miriam Ferráez Centeno,Veracruz,MORENA,ana.ferraez@diputados.gob.mx,"Radio y Televisión, Desarrollo Urbano y Ordenamiento Territorial, Cambio Climático y Sostenibilidad"
Juan Ángel Flores Bustamante,Morelos,MORENA,angel.flores@diputados.gob.mx,"Vigilancia de la Auditoría Superior de la Federación, Seguridad Ciudadana, Derechos de la Niñez y Adolescencia"
Hugo Eric Flores Cervantes,Baja California,MORENA,hugo.flores@diputados.gob.mx,"Reforma Política-Electoral, Puntos Constitucionales, Jurisdiccional, Justicia"
Edén Garcés Medina,Ciudad de México,MORENA,eden.garces@diputados.gob.mx,"Salud, Educación, Cambio Climático y Sostenibilidad"
Briceyda García Antonio,San Luis Potosí,MORENA,briceyda.garcia@diputados.gob.mx,"Vigilancia de la Auditoría Superior de la Federación, Pueblos Indígenas y Afromexicanos, Desarrollo y Conservación Rural, Agrícola y Autosuficiencia Alimentaria"
Claudia García Hernández,Jalisco,MORENA,claudia.garcia@diputados.gob.mx,"Cultura y Cinematografía, Recursos Hidráulicos, Agua Potable y Saneamiento, Igualdad de Género"
Gabriel García Hernández,Ciudad de México,MORENA,gabriel.garcia@diputados.gob.mx,"Zonas Metropolitanas, Vigilancia de la Auditoría Superior de la Federación, Recursos Hidráulicos, Agua Potable y Saneamiento"
Rafaela Vianey García Romero,Puebla,MORENA,vianey.garcia@diputados.gob.mx,"Justicia, Presupuesto y Cuenta Pública, Diversidad"
Martha Olivia García Vidaña,Durango,MORENA,olivia.garcia@diputados.gob.mx,"Vigilancia de la Auditoría Superior de la Federación, Recursos Hidráulicos, Agua Potable y Saneamiento, Infraestructura"
Claudia Leticia Garfias Alcantara,Estado de México,MORENA,claudia.garfias@diputados.gob.mx,"Radio y Televisión, Movilidad, Comunicaciones y Transportes"
Leonel Godoy Rangel,Michoacán,MORENA,leonel.godoy@diputados.gob.mx,"Gobernación y Población, Puntos Constitucionales, Justicia"
Maiella Martha Gabriela Gómez Maldonado,Puebla,MORENA,maiella.gomez@diputados.gob.mx,"Trabajo y Previsión Social, Energía, Presupuesto y Cuenta Pública"
Merilyn Gómez Pozos,Jalisco,MORENA,merilyn.gomez@diputados.gob.mx,"Seguridad Ciudadana, Infraestructura, Presupuesto y Cuenta Pública"
Juan Antonio González Hernández,Puebla,MORENA,juanantonio.gonzalez@diputados.gob.mx,"Educación, Ciencia, Tecnología e Innovación, Cambio Climático y Sostenibilidad"
Sandra Beatriz González Pérez,Jalisco,MORENA,sandra.gonzalez@diputados.gob.mx,"Trabajo y Previsión Social, Seguridad Social, Educación"
Rosa Margarita Graniel Zenteno,Tabasco,MORENA,rosa.graniel@diputados.gob.mx,"Vivienda, Derechos de la Niñez y Adolescencia, Cambio Climático y Sostenibilidad"
Eleazar Guerrero Pérez,Veracruz,MORENA,eleazar.guerrero@diputados.gob.mx,"Transparencia y Anticorrupción, Seguridad Ciudadana, Reforma Política-Electoral"
Julio Ernesto Gutiérrez Bocanegra,Tabasco,MORENA,julio.gutierrez@diputados.gob.mx,"Recursos Hidráulicos, Agua Potable y Saneamiento, Federalismo y Desarrollo Municipal, Ciencia, Tecnología e Innovación"
Sergio Carlos Gutiérrez Luna,Veracruz,MORENA,sergio.gutierrez@diputados.gob.mx,diversas comisiones legislativas
Pedro Miguel Haces Barba,Ciudad de México,MORENA,pedro.haces@diputados.gob.mx,"Trabajo y Previsión Social, Relaciones Exteriores, Defensa Nacional"
Carlos Hernández Mirón,Ciudad de México,MORENA,carlos.miron@diputados.gob.mx,"Zonas Metropolitanas, Puntos Constitucionales, Hacienda y Crédito Público"
César Agustín Hernández Pérez,Estado de México,MORENA,cesar.hernandez@diputados.gob.mx,"Zonas Metropolitanas, Presupuesto y Cuenta Pública, Movilidad"
Claudia Alejandra Hernández Sáenz,Tamaulipas,MORENA,alejandra.hernandez@diputados.gob.mx,"Seguridad Ciudadana, Igualdad de Género, Bienestar"
Arturo Roberto Hernández Tapia,Estado de México,MORENA,arturo.hernandez@diputados.gob.mx,"Comunicaciones y Transportes, Vigilancia de la Auditoría Superior de la Federación, Salud, Atención a Grupos Vulnerables"
Gilberto Herrera Ruiz,Querétaro,MORENA,gilberto.ruiz@diputados.gob.mx,"Economía Social y Fomento del Cooperativismo, Desarrollo y Conservación Rural, Agrícola y Autosuficiencia Alimentaria, Ciencia, Tecnología e Innovación"
Gilberto Herrera Solórzano,Baja California,MORENA,gilberto.herrera@diputados.gob.mx,"Reforma Política-Electoral, Vivienda, Asuntos Frontera Norte"
Mónica Herrera Villavicencio,Veracruz,MORENA,monica.herrera@diputados.gob.mx,"Educación, Derechos Humanos, Atención a Grupos Vulnerables"
Lucero Higareda Segura,Guanajuato,MORENA,lucero.higareda@diputados.gob.mx,"Igualdad de Género, Economía, Comercio y Competitividad, Desarrollo y Conservación Rural, Agrícola y Autosuficiencia Alimentaria"
Alma Manuela Higuera Esquer,Sonora,MORENA,alma.higuera@diputados.gob.mx,"Transparencia y Anticorrupción, Régimen, Reglamentos y Prácticas Parlamentarias, Igualdad de Género"
Jesús Alfonso Ibarra Ramos,Sinaloa,MORENA,jesus.ibarra@diputados.gob.mx,"Presupuesto y Cuenta Pública, Infraestructura, Ciencia, Tecnología e Innovación"
J. Jesús Jiménez,Lista Nacional / Plurinominal,MORENA,j.jesus.jimenez@diputados.gob.mx,"Vivienda, Trabajo y Previsión Social, Seguridad Social"
Gabriela Georgina Jiménez Godoy,Ciudad de México,MORENA,gabriela.jimenez@diputados.gob.mx,"Seguridad Ciudadana, Puntos Constitucionales, Justicia"
Naty Poob Pijy Jiménez Vásquez,Oaxaca,MORENA,naty.jimenez@diputados.gob.mx,"Energía, Bienestar, Pueblos Indígenas y Afromexicanos"
Irma Juan Carlos,Oaxaca,MORENA,irma.juan@diputados.gob.mx,"Pueblos Indígenas y Afromexicanos, Medio Ambiente y Recursos Naturales, Gobernación y Población"
Jaime Humberto Lastra Bastar,Tabasco,MORENA,jaime.lastra@diputados.gob.mx,"Ganadería, Desarrollo y Conservación Rural, Agrícola y Autosuficiencia Alimentaria, Asuntos Frontera Sur"
Víctor Hugo Lobo Román,Ciudad de México,MORENA,victor.lobo@diputados.gob.mx,"Vigilancia de la Auditoría Superior de la Federación, Comunicaciones y Transportes, Reforma Política-Electoral"
Amalia López De La Cruz,Aguascalientes,MORENA,amalia.lopez@diputados.gob.mx,"Presupuesto y Cuenta Pública, Pueblos Indígenas y Afromexicanos, Desarrollo y Conservación Rural, Agrícola y Autosuficiencia Alimentaria"
Rocío López Gorosave,Baja California,MORENA,rocio.lopez@diputados.gob.mx,"Pesca, Infraestructura, Economía, Comercio y Competitividad"
Diana Isela López Orozco,Estado de México,MORENA,diana.lopez@diputados.gob.mx,"Turismo, Pueblos Indígenas y Afromexicanos, Juventud"
Herminia López Santiago,Oaxaca,MORENA,herminia.lopez@diputados.gob.mx,"Pueblos Indígenas y Afromexicanos, Educación, Ciencia, Tecnología e Innovación"
Jaime Genaro López Vela,Ciudad de México,MORENA,jaime.lopez@diputados.gob.mx,"Salud, Derechos Humanos, Diversidad"
María Soledad Luévano Cantú,Zacatecas,MORENA,maria.luevano@diputados.gob.mx,"Vigilancia de la Auditoría Superior de la Federación, Presupuesto y Cuenta Pública, Hacienda y Crédito Público"
Alberto Maldonado Chavarín,Jalisco,MORENA,alberto.maldonado@diputados.gob.mx,"Recursos Hidráulicos, Agua Potable y Saneamiento, Desarrollo y Conservación Rural, Agrícola y Autosuficiencia Alimentaria, Justicia"
Karina Isabel Martínez Montaño,Sinaloa,MORENA,karina.martinez@diputados.gob.mx,"Trabajo y Previsión Social, Seguridad Social, Derechos de la Niñez y Adolescencia"
Sergio Mayer Bretón,Ciudad de México,MORENA,sergio.mayer@diputados.gob.mx,"Seguridad Ciudadana, Defensa Nacional, Justicia"
Ulises Mejía Haro,Zacatecas,MORENA,ulises.mejia@diputados.gob.mx,"Seguridad Ciudadana, Energía, Desarrollo y Conservación Rural, Agrícola y Autosuficiencia Alimentaria"
Roberto Mejía Méndez,Ciudad de México,MORENA,roberto.mejia@diputados.gob.mx,"Zonas Metropolitanas, Relaciones Exteriores, Federalismo y Desarrollo Municipal"
Fernando Mendoza Arce,Estado de México,MORENA,fernando.mendoza@diputados.gob.mx,"Salud, Trabajo y Previsión Social, Seguridad Social"
Eunice Abigail Mendoza Ramírez,Hidalgo,MORENA,eunice.mendoza@diputados.gob.mx,"Pueblos Indígenas y Afromexicanos, Desarrollo y Conservación Rural, Agrícola y Autosuficiencia Alimentaria, Bienestar"
Jacobo Mendoza Ruiz,Sonora,MORENA,jacobo.mendoza@diputados.gob.mx,"Transparencia y Anticorrupción, Presupuesto y Cuenta Pública, Educación"
Marcela Michel López,Jalisco,MORENA,marcela.michel@diputados.gob.mx,"Seguridad Ciudadana, Movilidad, Hacienda y Crédito Público"
Jorge Alberto Mier Acolt,Veracruz,MORENA,jorge.mier@diputados.gob.mx,"Protección Civil y Prevención de Desastres, Gobernación y Población, Cambio Climático y Sostenibilidad"
Carlos Ignacio Mier Bañuelos,Puebla,MORENA,carlos.mier@diputados.gob.mx,"Relaciones Exteriores, Presupuesto y Cuenta Pública, Federalismo y Desarrollo Municipal"
Iván Millán Contreras,Estado de México,MORENA,ivan.millan@diputados.gob.mx,"Vigilancia de la Auditoría Superior de la Federación, Movilidad, Desarrollo Urbano y Ordenamiento Territorial"
Beatriz Milland Pérez,Tabasco,MORENA,beatriz.milland@diputados.gob.mx,"Turismo, Recursos Hidráulicos, Agua Potable y Saneamiento, Infraestructura"
Tey Mollinedo Cano,Tabasco,MORENA,tey.mollinedo@diputados.gob.mx,"Protección Civil y Prevención de Desastres, Energía, Asuntos Frontera Sur"
Ricardo Monreal Ávila,Zacatecas,MORENA,ricardo.monreal@diputados.gob.mx,diversas comisiones legislativas
Santy Montemayor Castillo,Quintana Roo,MORENA,santy.montemayor@diputados.gob.mx,"Movilidad, Medio Ambiente y Recursos Naturales, Desarrollo Urbano y Ordenamiento Territorial"
Celeste Mora Eguiluz,Guerrero,MORENA,celeste.mora@diputados.gob.mx,"Infraestructura, Desarrollo y Conservación Rural, Agrícola y Autosuficiencia Alimentaria, Bienestar"
Gabino Morales Mendoza,San Luis Potosí,MORENA,gabino.morales@diputados.gob.mx,"Reforma Política-Electoral, Medio Ambiente y Recursos Naturales, Jurisdiccional, Diversidad"
María Guadalupe Morales Rubio,Ciudad de México,MORENA,mariagpe.morales@diputados.gob.mx,"Reforma Política-Electoral, Seguridad Ciudadana, Derechos de la Niñez y Adolescencia"
Leoncio Alfonso Morán Sánchez,Colima,MORENA,leoncio.moran@diputados.gob.mx,"Medio Ambiente y Recursos Naturales, Economía, Comercio y Competitividad, Comunicaciones y Transportes"
Evangelina Moreno Guerra,Baja California,MORENA,evangelina.moreno@diputados.gob.mx,"Vivienda, Derechos Humanos, Asuntos Frontera Norte"
Dora Alicia Moreno Méndez,Sonora,MORENA,dora.moreno@diputados.gob.mx,"Pueblos Indígenas y Afromexicanos, Pesca, Cultura y Cinematografía"
Claudia Lisbeth Moreno Ramírez,Baja California,MORENA,lisbeth.moreno@diputados.gob.mx,"Turismo, Presupuesto y Cuenta Pública, Infraestructura"
Julio César Moreno Rivera,Ciudad de México,MORENA,julio.moreno@diputados.gob.mx,"Puntos Constitucionales, Defensa Nacional, Justicia"
Rosario Del Carmen Moreno Villatoro,Chiapas,MORENA,rosario.moreno@diputados.gob.mx,"Salud, Atención a Grupos Vulnerables, Asuntos Frontera Sur"
Kenia Gisell Muñiz Cabrera,Veracruz,MORENA,kenia.muniz@diputados.gob.mx,"Educación, Derechos de la Niñez y Adolescencia, Atención a Grupos Vulnerables"
Daniel Murguía Lardizábal,Chihuahua,MORENA,daniel.murguia@diputados.gob.mx,"Trabajo y Previsión Social, Hacienda y Crédito Público, Economía, Comercio y Competitividad"
José Narro Céspedes,Nuevo León,MORENA,jose.narro@diputados.gob.mx,"Reforma Política-Electoral, Hacienda y Crédito Público, Desarrollo y Conservación Rural, Agrícola y Autosuficiencia Alimentaria"
Blanca Araceli Narro Panameño,Tamaulipas,MORENA,blanca.narro@diputados.gob.mx,"Seguridad Social, Educación, Economía Social y Fomento del Cooperativismo"
Alma Delia Navarrete Rivera,Estado de México,MORENA,alma.navarrete@diputados.gob.mx,"Igualdad de Género, Movilidad, Juventud"
Beatriz Andrea Navarro Pérez,Nayarit,MORENA,beatriz.navarro@diputados.gob.mx,"Federalismo y Desarrollo Municipal, Presupuesto y Cuenta Pública, Economía Social y Fomento del Cooperativismo"
Julia Arcelia Olguín Serna,Zacatecas,MORENA,julia.olguin@diputados.gob.mx,"Trabajo y Previsión Social, Seguridad Ciudadana, Presupuesto y Cuenta Pública"
Arturo Olivares Cerda,Ciudad de México,MORENA,arturo.olivares@diputados.gob.mx,"Derechos de la Niñez y Adolescencia, Bienestar, Seguridad Social"
Luis Arturo Oliver Cen,Yucatán,MORENA,luis.oliver@diputados.gob.mx,"Seguridad Ciudadana, Marina, Defensa Nacional"
María Del Rosario Orozco Caballero,Puebla,MORENA,maria.orozco@diputados.gob.mx,"Puntos Constitucionales, Gobernación y Población, Desarrollo Urbano y Ordenamiento Territorial"
Rosa Guadalupe Ortega Tiburcio,Michoacán,MORENA,rosa.ortega@diputados.gob.mx,"Salud, Protección Civil y Prevención de Desastres, Bienestar"
Adrián Oseguera Kernion,Tamaulipas,MORENA,adrian.oseguera@diputados.gob.mx,"Seguridad Ciudadana, Hacienda y Crédito Público, Energía"
Bertha Osorio Ferral,Veracruz,MORENA,bertha.osorio@diputados.gob.mx,"Relaciones Exteriores, Federalismo y Desarrollo Municipal, Derechos de la Niñez y Adolescencia"
Tatiana Tonantzin P. Ángeles Moreno,Hidalgo,MORENA,tatiana.angeles@diputados.gob.mx,"Transparencia y Anticorrupción, Recursos Hidráulicos, Agua Potable y Saneamiento, Economía Social y Fomento del Cooperativismo"
María De Los Dolores Padierna Luna,Ciudad de México,MORENA,maria.padierna@diputados.gob.mx,diversas comisiones legislativas
Sandra Patricia Palacios Medina,Nuevo León,MORENA,sandra.palacios@diputados.gob.mx,"Zonas Metropolitanas, Vivienda, Gobernación y Población"
Carlos Ventura Palacios Rodríguez,Jalisco,MORENA,carlos.palacios@diputados.gob.mx,"Hacienda y Crédito Público, Turismo, Ganadería"
Mayra Dolores Palomar González,Jalisco,MORENA,mayra.palomar@diputados.gob.mx,"Educación, Economía Social y Fomento del Cooperativismo, Atención a Grupos Vulnerables"
Iván Peña Vidal,Tabasco,MORENA,ivan.pena@diputados.gob.mx,"Vivienda, Turismo, Movilidad"
José Alejandro Peña Villa,Estado de México,MORENA,josealejandro.pena@diputados.gob.mx,"Vivienda, Puntos Constitucionales, Educación"
Jesús Irugami Perea Cruz,Ciudad de México,MORENA,irugami.perea@diputados.gob.mx,"Recursos Hidráulicos, Agua Potable y Saneamiento, Desarrollo Urbano y Ordenamiento Territorial, Bienestar"
Jaime Humberto Pérez Bernabe,Veracruz,MORENA,jaime.perez@diputados.gob.mx,"Gobernación y Población, Defensa Nacional, Cambio Climático y Sostenibilidad"
María Fabiola Karina Pérez Popoca,Puebla,MORENA,karina.perez@diputados.gob.mx,"Economía, Comercio y Competitividad, Cultura y Cinematografía, Bienestar"
Estela Carina Piceno Navarro,Ciudad de México,MORENA,carina.piceno@diputados.gob.mx,"Zonas Metropolitanas, Relaciones Exteriores, Jurisdiccional, Justicia"
Aniceto Polanco Morales,Guerrero,MORENA,aniceto.polanco@diputados.gob.mx,"Transparencia y Anticorrupción, Relaciones Exteriores, Asuntos Migratorios"
Felicita Pompa Robles,Sinaloa,MORENA,felicita.pompa@diputados.gob.mx,"Recursos Hidráulicos, Agua Potable y Saneamiento, Marina, Bienestar"
Any Marilú Porras Baylón,Nayarit,MORENA,any.porras@diputados.gob.mx,"Pesca, Igualdad de Género, Desarrollo y Conservación Rural, Agrícola y Autosuficiencia Alimentaria"
Ernesto Alejandro Prieto Gallardo,Guanajuato,MORENA,ernesto.prieto@diputados.gob.mx,"Reforma Política-Electoral, Energía, Justicia"
Jesús Antonio Pujol Irastorza,Sonora,MORENA,jesus.pujol@diputados.gob.mx,"Seguridad Ciudadana, Defensa Nacional, Asuntos Frontera Norte"
Adriana Belinda Quiroz Gallegos,Nuevo León,MORENA,adriana.quiroz@diputados.gob.mx,"Jurisdiccional, Gobernación y Población, Energía, Comunicaciones y Transportes"
Jessica Ramírez Cisneros,Veracruz,MORENA,jessica.ramirez@diputados.gob.mx,"Reforma Política-Electoral, Derechos de la Niñez y Adolescencia, Asuntos Migratorios"
Alfonso Ramírez Cuéllar,Zacatecas,MORENA,alfonso.ramirez@diputados.gob.mx,"Presupuesto y Cuenta Pública, Hacienda y Crédito Público"
Emilio Ramón Ramírez Guzmán,Chiapas,MORENA,emilio.ramirez@diputados.gob.mx,"Salud, Pueblos Indígenas y Afromexicanos, Bienestar"
Juan Guillermo Rendón Gómez,Ciudad de México,MORENA,juan.rendon@diputados.gob.mx,"Salud, Deporte, Ciencia, Tecnología e Innovación"
Sonia Rincón Chanona,Chiapas,MORENA,sonia.rincon@diputados.gob.mx,"Seguridad Social, Presupuesto y Cuenta Pública, Educación"
Claudia Rivera Vivanco,Puebla,MORENA,claudia.rivera@diputados.gob.mx,"Transparencia y Anticorrupción, Hacienda y Crédito Público, Federalismo y Desarrollo Municipal"
Luz María Rodríguez Pérez,Oaxaca,MORENA,luzmaria.rodriguez@diputados.gob.mx,"Energía, Economía Social y Fomento del Cooperativismo, Economía, Comercio y Competitividad"
Petra Romero Gomez,Nuevo León,MORENA,petra.romero@diputados.gob.mx,"Trabajo y Previsión Social, Atención a Grupos Vulnerables, Asuntos Frontera Norte"
María Magdalena Rosales Cruz,Guanajuato,MORENA,mmagdalena.rosales@diputados.gob.mx,"Seguridad Social, Salud, Relaciones Exteriores"
María Rosete,Ciudad de México,MORENA,maria.rosete@diputados.gob.mx,"Igualdad de Género, Atención a Grupos Vulnerables, Justicia"
Mirna María De La Luz Rubio Sánchez,Hidalgo,MORENA,mariadelaluz.rubio@diputados.gob.mx,"Trabajo y Previsión Social, Seguridad Social, Educación"
Alma Laura Ruiz López,Baja California,MORENA,alma.ruiz@diputados.gob.mx,"Vivienda, Desarrollo Urbano y Ordenamiento Territorial, Bienestar"
Montserrat Ruiz Páez,Estado de México,MORENA,montserrat.ruiz@diputados.gob.mx,"Relaciones Exteriores, Recursos Hidráulicos, Agua Potable y Saneamiento, Deporte"
Jessica Saiden Quiroz,Yucatán,MORENA,jessica.saiden@diputados.gob.mx,"Relaciones Exteriores, Defensa Nacional, Seguridad Ciudadana"
Magda Erika Salgado Ponce,Morelos,MORENA,magda.salgado@diputados.gob.mx,"Turismo, Seguridad Ciudadana, Cambio Climático y Sostenibilidad"
Nancy Guadalupe Sánchez Arredondo,Baja California,MORENA,nancy.sanchez@diputados.gob.mx,"Pesca, Medio Ambiente y Recursos Naturales, Desarrollo y Conservación Rural, Agrícola y Autosuficiencia Alimentaria"
Carlos Sánchez Barrios,Guerrero,MORENA,carlos.sanchezb@diputados.gob.mx,"Federalismo y Desarrollo Municipal, Comunicaciones y Transportes"
Francisco Javier Sánchez Cervantes,Ciudad de México,MORENA,javier.sanchez@diputados.gob.mx,"Reforma Política-Electoral, Protección Civil y Prevención de Desastres, Marina"
Olga María Del Carmen Sánchez Cordero Dávila,Ciudad de México,MORENA,olga.sanchezcordero@diputados.gob.mx,"Derechos Humanos, Justicia, Puntos Constitucionales"
Gloria Sánchez López,Oaxaca,MORENA,gloria.sanchez@diputados.gob.mx,"Pueblos Indígenas y Afromexicanos, Pesca, Energía"
Jorge Luis Sánchez Reyes,Yucatán,MORENA,jorgeluis.sanchez@diputados.gob.mx,"Reforma Política-Electoral, Pesca, Ganadería"
Gissel Santander Soto,Puebla,MORENA,gissel.santander@diputados.gob.mx,"Cultura y Cinematografía, Derechos de la Niñez y Adolescencia, Vigilancia de la Auditoría Superior de la Federación"
Guillermo Rafael Santiago Rodríguez,Chiapas,MORENA,guillermo.santiago@diputados.gob.mx,"Justicia, Reforma Política-Electoral, Puntos Constitucionales"
Rosalinda Savala Díaz,Michoacán,MORENA,rosalinda.savala@diputados.gob.mx,"Marina, Educación, Cambio Climático y Sostenibilidad"
Elena Edith Segura Trejo,Ciudad de México,MORENA,elena.segura@diputados.gob.mx,"Justicia, Transparencia y Anticorrupción, Presupuesto y Cuenta Pública"
Nadia Yadira Sepúlveda García,Jalisco,MORENA,nadia.sepulveda@diputados.gob.mx,"Vigilancia de la Auditoría Superior de la Federación, Medio Ambiente y Recursos Naturales, Asuntos Migratorios"
Delhi Miroslava Shember Domínguez,Michoacán,MORENA,delhi.shember@diputados.gob.mx,"Presupuesto y Cuenta Pública, Trabajo y Previsión Social, Cultura y Cinematografía"
Aciel Sibaja Mendoza,Oaxaca,MORENA,aciel.sibaja@diputados.gob.mx,"Recursos Hidráulicos, Agua Potable y Saneamiento, Infraestructura, Educación"
Maria Damaris Silva Santiago,Michoacán,MORENA,damaris.silva@diputados.gob.mx,"Relaciones Exteriores, Diversidad, Asuntos Migratorios"
Maribel Solache González,Ciudad de México,MORENA,maribel.solache@diputados.gob.mx,"Relaciones Exteriores, Reforma Política-Electoral, Asuntos Frontera Norte"
Roselia Suárez Montes De Oca,Michoacán,MORENA,roselia.suarez@diputados.gob.mx,"Relaciones Exteriores, Asuntos Migratorios, Asuntos Frontera Norte"
Javier Taja Ramírez,Guerrero,MORENA,javier.taja@diputados.gob.mx,"Transparencia y Anticorrupción, Turismo, Infraestructura, Gobernación y Población"
Paola Tenorio Adame,Veracruz,MORENA,paola.tenorio@diputados.gob.mx,"Vigilancia de la Auditoría Superior de la Federación, Pesca, Hacienda y Crédito Público"
Gerardo Ulloa Pérez,Estado de México,MORENA,gerardo.ulloa@diputados.gob.mx,"Salud, Recursos Hidráulicos, Agua Potable y Saneamiento, Justicia"
Rosa Irene Urbina Castañeda,Chiapas,MORENA,rosa.urbina@diputados.gob.mx,"Vigilancia de la Auditoría Superior de la Federación, Asuntos Migratorios, Asuntos Frontera Sur"
Gabriela Valdepeñas González,Estado de México,MORENA,gabriela.valdepenas@diputados.gob.mx,"Régimen, Reglamentos y Prácticas Parlamentarias, Puntos Constitucionales, Derechos Humanos"
Jesús Valdés Peña,Ciudad de México,MORENA,jesus.valdes@diputados.gob.mx,"Trabajo y Previsión Social, Economía, Comercio y Competitividad, Economía Social y Fomento del Cooperativismo"
Gricelda Valencia De La Mora,Colima,MORENA,gricelda.valencia@diputados.gob.mx,"Transparencia y Anticorrupción, Economía Social y Fomento del Cooperativismo, Desarrollo y Conservación Rural, Agrícola y Autosuficiencia Alimentaria"
Juan Carlos Varela Domínguez,Estado de México,MORENA,juan.varela@diputados.gob.mx,"Recursos Hidráulicos, Agua Potable y Saneamiento, Ganadería, Educación"
Teresita De Jesús Vargas Meraz,Chihuahua,MORENA,teresita.vargas@diputados.gob.mx,"Relaciones Exteriores, Bienestar, Asuntos Frontera Norte"
Adasa Saray Vázquez,Sinaloa,MORENA,adasa.saray@diputados.gob.mx,"Seguridad Social, Derechos Humanos, Derechos de la Niñez y Adolescencia"
Antares Guadalupe Vázquez Alatorre,Guanajuato,MORENA,antares.vazquez@diputados.gob.mx,"Salud, Presupuesto y Cuenta Pública, Educación"
Manuel Vazquez Arellano,Guerrero,MORENA,manuel.arellano@diputados.gob.mx,"Gobernación y Población, Puntos Constitucionales, Derechos Humanos"
Raymundo Vázquez Conchas,Tlaxcala,MORENA,raymundo.vazquez@diputados.gob.mx,"Relaciones Exteriores, Infraestructura, Energía"
Dionicia Vázquez García,Estado de México,MORENA,dionicia.vazquez@diputados.gob.mx,"Protección Civil y Prevención de Desastres, Derechos Humanos, Defensa Nacional"
Enrique Vázquez Navarro,Quintana Roo,MORENA,enrique.navarro@diputados.gob.mx,"Transparencia y Anticorrupción, Turismo, Relaciones Exteriores, Economía, Comercio y Competitividad"
Miriam De Los Angeles Vázquez Ruíz,Oaxaca,MORENA,miriam.vazquez@diputados.gob.mx,"Trabajo y Previsión Social, Seguridad Ciudadana, Asuntos Frontera Sur"
Alfredo Vázquez Vázquez,Chiapas,MORENA,alfredo.vazquez@diputados.gob.mx,"Puntos Constitucionales, Pueblos Indígenas y Afromexicanos, Desarrollo Urbano y Ordenamiento Territorial"
Aremy Velazco Bautista,San Luis Potosí,MORENA,aremy.velazco@diputados.gob.mx,"Vigilancia de la Auditoría Superior de la Federación, Juventud, Energía"
Francisco Javier Velázquez Vallejo,Veracruz,MORENA,javier.velazquez@diputados.gob.mx,"Infraestructura, Energía, Desarrollo Urbano y Ordenamiento Territorial"
Marcela Velázquez Vázquez,Michoacán,MORENA,marcela.velazquez@diputados.gob.mx,"Salud, Pueblos Indígenas y Afromexicanos, Desarrollo y Conservación Rural, Agrícola y Autosuficiencia Alimentaria"
Julieta Kristal Vences Valencia,Puebla,MORENA,julieta.vences@diputados.gob.mx,"Justicia, Puntos Constitucionales, Igualdad de Género"
Zoraya Villacis Palacios,Veracruz,MORENA,zoraya.villacis@diputados.gob.mx,"Marina, Desarrollo Urbano y Ordenamiento Territorial, Cultura y Cinematografía"
Julieta Villalpando Riquelme,Estado de México,MORENA,julieta.villalpando@diputados.gob.mx,diversas comisiones legislativas
Jazmín Yaneli Villanueva Moo,Yucatán,MORENA,jazmin.villanueva@diputados.gob.mx,"Transparencia y Anticorrupción, Derechos Humanos, Derechos de la Niñez y Adolescencia"
Freyda Marybel Villegas Canché,Quintana Roo,MORENA,freyda.villegas@diputados.gob.mx,"Hacienda y Crédito Público, Igualdad de Género, Transparencia y Anticorrupción"
Dulce María Corina Villegas Guarneros,Veracruz,MORENA,dulce.villegas@diputados.gob.mx,"Seguridad Ciudadana, Desarrollo Urbano y Ordenamiento Territorial, Derechos de la Niñez y Adolescencia"
Merary Villegas Sánchez,Sinaloa,MORENA,merary.villegas@diputados.gob.mx,"Seguridad Social, Igualdad de Género, Hacienda y Crédito Público"
Alma Marina Vitela Rodríguez,Durango,MORENA,alma.vitela@diputados.gob.mx,"Salud, Infraestructura, Energía"
Xóchitl Nashielly Zagal Ramírez,Estado de México,MORENA,xochitl.zagal@diputados.gob.mx,"Recursos Hidráulicos, Agua Potable y Saneamiento, Puntos Constitucionales, Medio Ambiente y Recursos Naturales"
Joaquín Zebadúa Alva,Chiapas,MORENA,joaquin.zebadua@diputados.gob.mx,"Vigilancia de la Auditoría Superior de la Federación, Medio Ambiente y Recursos Naturales, Gobernación y Población"
Pedro Mario Zenteno Santaella,Estado de México,MORENA,pedro.zenteno@diputados.gob.mx,"Seguridad Social, Presupuesto y Cuenta Pública, Salud"
Marisela Zúñiga Cerón,Ciudad de México,MORENA,marisela.zuniga@diputados.gob.mx,"Educación, Derechos Humanos, Bienestar"
Yerico Abramo Masso,Coahuila,PRI,yerico.abramo@diputados.gob.mx,"Trabajo y Previsión Social, Presupuesto y Cuenta Pública, Hacienda y Crédito Público"
Erubiel Lorenzo Alonso Que,Tabasco,PRI,erubiel.alonso@diputados.gob.mx,"Trabajo y Previsión Social, Reforma Política-Electoral, Economía, Comercio y Competitividad"
Miguel Alejandro Alonso Reyes,Zacatecas,PRI,miguel.alonso@diputados.gob.mx,"Turismo, Gobernación y Población, Asuntos Migratorios"
Humberto Ambriz Delgadillo,Aguascalientes,PRI,humberto.ambriz@diputados.gob.mx,"Recursos Hidráulicos, Agua Potable y Saneamiento, Infraestructura, Ciencia, Tecnología e Innovación"
Abigail Arredondo Ramos,Querétaro,PRI,abigail.arredondo@diputados.gob.mx,"Reforma Política-Electoral, Movilidad, Bienestar"
Leticia Barrera Maldonado,Estado de México,PRI,leticia.barrera@diputados.gob.mx,"Recursos Hidráulicos, Agua Potable y Saneamiento, Economía Social y Fomento del Cooperativismo, Desarrollo y Conservación Rural, Agrícola y Autosuficiencia Alimentaria"
Israel Betanzos Cortes,Ciudad de México,PRI,israel.betanzos@diputados.gob.mx,"Zonas Metropolitanas, Transparencia y Anticorrupción, Seguridad Ciudadana"
Mario Calzada Mercado,Querétaro,PRI,mario.calzada@diputados.gob.mx,"Deporte, Recursos Hidráulicos, Agua Potable y Saneamiento, Protección Civil y Prevención de Desastres"
Andrés Mauricio Cantú Ramírez,Nuevo León,PRI,andres.cantu@diputados.gob.mx,"Marina, Gobernación y Población, Comunicaciones y Transportes"
Christian Mishel Castro Bello,Campeche,PRI,christian.castro@diputados.gob.mx,"Hacienda y Crédito Público, Defensa Nacional, Bienestar"
Xitlalic Ceja García,Puebla,PRI,xitlalic.ceja@diputados.gob.mx,"Salud, Igualdad de Género, Educación"
Noel Chávez Velázquez,Chihuahua,PRI,noel.chavez@diputados.gob.mx,"Turismo, Medio Ambiente y Recursos Naturales, Cambio Climático y Sostenibilidad"
César Alejandro Domínguez Domínguez,Chihuahua,PRI,cesar.dominguez@diputados.gob.mx,"Puntos Constitucionales, Defensa Nacional, Justicia"
Paloma Domínguez Ugarte,Sonora,PRI,paloma.dominguez@diputados.gob.mx,"Derechos Humanos, Cambio Climático y Sostenibilidad, Atención a Grupos Vulnerables"
Juan Francisco Espinoza Eguía,Nuevo León,PRI,francisco.espinoza@diputados.gob.mx,"Recursos Hidráulicos, Agua Potable y Saneamiento, Ganadería, Desarrollo y Conservación Rural, Agrícola y Autosuficiencia Alimentaria"
Ana Isabel González González,Nuevo León,PRI,ana.gonzalez@diputados.gob.mx,"Salud, Educación, Deporte"
Marcela Guerra Castillo,Nuevo León,PRI,marcela.guerra@diputados.gob.mx,"Relaciones Exteriores, Régimen, Reglamentos y Prácticas Parlamentarias, Asuntos Migratorios"
Fuensanta Guadalupe Guerrero Esquivel,Zacatecas,PRI,fuensanta.guerrero@diputados.gob.mx,diversas comisiones legislativas
Hugo Eduardo Gutiérrez Arroyo,Estado de México,PRI,hugo.gutierrez@diputados.gob.mx,"Vigilancia de la Auditoría Superior de la Federación, Energía, Economía, Comercio y Competitividad"
Carlos Eduardo Gutiérrez Mancilla,Ciudad de México,PRI,carlos.gutierrez@diputados.gob.mx,"Vigilancia de la Auditoría Superior de la Federación, Trabajo y Previsión Social, Juventud"
Ofelia Socorro Jasso Nieto,Estado de México,PRI,ofelia.jasso@diputados.gob.mx,"Protección Civil y Prevención de Desastres, Derechos de la Niñez y Adolescencia, Atención a Grupos Vulnerables"
Emilio Lara Calderón,Campeche,PRI,emilio.lara@diputados.gob.mx,"Seguridad Ciudadana, Hacienda y Crédito Público, Ganadería"
Verónica Martínez García,Coahuila,PRI,veronica.martinez@diputados.gob.mx,"Relaciones Exteriores, Infraestructura, Energía"
Juan Antonio Meléndez Ortega,Chihuahua,PRI,juan.melendez@diputados.gob.mx,"Vivienda, Ganadería, Cultura y Cinematografía"
Rubén Ignacio Moreira Valdez,Coahuila,PRI,ruben.moreira@diputados.gob.mx,"Puntos Constitucionales, Jurisdiccional, Radio y Televisión, Relaciones Exteriores"
Juan Moreno De Haro,Durango,PRI,juan.deharo@diputados.gob.mx,"Medio Ambiente y Recursos Naturales, Juventud, Educación"
Nadia Navarro Acevedo,Puebla,PRI,nadia.navarro@diputados.gob.mx,"Puntos Constitucionales, Presupuesto y Cuenta Pública, Asuntos Migratorios"
Graciela Ortiz González,Chihuahua,PRI,graciela.gonzalez@diputados.gob.mx,"Derechos de la Niñez y Adolescencia, Asuntos Frontera Norte, Gobernación y Población"
Víctor Samuel Palma César,Morelos,PRI,victor.palma@diputados.gob.mx,"Pueblos Indígenas y Afromexicanos, Medio Ambiente y Recursos Naturales, Bienestar"
Lorena Piñón Rivera,Veracruz,PRI,lorena.pinon@diputados.gob.mx,"Energía, Relaciones Exteriores, Defensa Nacional"
Ariana Del Rocio Rejón Lara,Campeche,PRI,ariana.rejon@diputados.gob.mx,"Marina, Federalismo y Desarrollo Municipal, Energía"
Laura Ivonne Ruíz Moreno,Estado de México,PRI,laura.ruiz@diputados.gob.mx,"Vivienda, Salud, Educación"
Luis Gerardo Sánchez Sánchez,Guanajuato,PRI,luisgerardo.sanchez@diputados.gob.mx,"Turismo, Seguridad Social, Federalismo y Desarrollo Municipal"
Mónica Elizabeth Sandoval Hernández,Ciudad de México,PRI,monica.sandoval@diputados.gob.mx,"Salud, Diversidad, Comunicaciones y Transportes"
Emilio Suárez Licona,Ciudad de México,PRI,emilio.suarez@diputados.gob.mx,"Vigilancia de la Auditoría Superior de la Federación, Hacienda y Crédito Público, Justicia"
Arturo Yañez Cuellar,Durango,PRI,arturo.yanez@diputados.gob.mx,"Presupuesto y Cuenta Pública, Transparencia y Anticorrupción, Justicia"
Mario Zamora Gastélum,Sinaloa,PRI,mario.zamora@diputados.gob.mx,"Presupuesto y Cuenta Pública, Economía, Comercio y Competitividad, Desarrollo y Conservación Rural, Agrícola y Autosuficiencia Alimentaria"
José Guillermo Anaya Llamas,Coahuila,PAN,jose.anaya@diputados.gob.mx,"Vivienda, Hacienda y Crédito Público, Justicia"
David Azuara Zúñiga,San Luis Potosí,PAN,david.azuara@diputados.gob.mx,"Turismo, Energía, Desarrollo Urbano y Ordenamiento Territorial"
Ana María Balderas Trejo,Estado de México,PAN,ana.balderas@diputados.gob.mx,"Trabajo y Previsión Social, Protección Civil y Prevención de Desastres, Igualdad de Género"
Monica Becerra Moreno,Aguascalientes,PAN,monica.becerra@diputados.gob.mx,"Seguridad Ciudadana, Salud, Comunicaciones y Transportes"
Omar Antonio Borboa Becerra,Jalisco,PAN,omar.borboa@diputados.gob.mx,"Marina, Energía, Cultura y Cinematografía"
Nubia Iris Castillo Medina,San Luis Potosí,PAN,nubia.castillo@diputados.gob.mx,"Pueblos Indígenas y Afromexicanos, Desarrollo y Conservación Rural, Agrícola y Autosuficiencia Alimentaria, Cambio Climático y Sostenibilidad"
Fidel Daniel Chimal García,Ciudad de México,PAN,fidel.chimal@diputados.gob.mx,"Radio y Televisión, Medio Ambiente y Recursos Naturales, Economía Social y Fomento del Cooperativismo"
David Alejandro Cortés Mendoza,Michoacán,PAN,david.cortes@diputados.gob.mx,"Régimen, Reglamentos y Prácticas Parlamentarias, Gobernación y Población, Derechos Humanos"
César Israel Damián Retes,Baja California,PAN,cesar.damian@diputados.gob.mx,"Seguridad Ciudadana, Asuntos Migratorios, Justicia"
Maria Del Rosario Vera,Veracruz,PAN,maria.delrosario@diputados.gob.mx,"Turismo, Radio y Televisión, Energía"
Federico Döring Casar,Ciudad de México,PAN,federico.doring@diputados.gob.mx,"Seguridad Ciudadana, Hacienda y Crédito Público, Cambio Climático y Sostenibilidad"
Paola Milagros Espinosa Sánchez,Jalisco,PAN,paola.espinosa@diputados.gob.mx,"Juventud, Derechos de la Niñez y Adolescencia, Deporte"
Abril Ferreyro Rosado,Yucatán,PAN,abril.ferreyro@diputados.gob.mx,"Relaciones Exteriores, Radio y Televisión, Diversidad"
Ma. Lorena García Jimeno Alcocer,Querétaro,PAN,lorena.garcia@diputados.gob.mx,"Vivienda, Igualdad de Género, Desarrollo Urbano y Ordenamiento Territorial"
Samantha Margarita Garza De La Garza,Nuevo León,PAN,samantha.garza@diputados.gob.mx,"Recursos Hidráulicos, Agua Potable y Saneamiento, Movilidad, Desarrollo y Conservación Rural, Agrícola y Autosuficiencia Alimentaria"
Teresa Ginez Serrano,Estado de México,PAN,teresa.ginez@diputados.gob.mx,"Seguridad Ciudadana, Infraestructura, Cambio Climático y Sostenibilidad"
Annia Sarahí Gómez Cárdenas,Nuevo León,PAN,annia.gomez@diputados.gob.mx,"Zonas Metropolitanas, Puntos Constitucionales, Presupuesto y Cuenta Pública"
Carmen Rocío González Alonso,Chihuahua,PAN,carmen.alonso@diputados.gob.mx,"Transparencia y Anticorrupción, Derechos de la Niñez y Adolescencia, Federalismo y Desarrollo Municipal"
María Angélica Granados Trespalacios,Chihuahua,PAN,maria.granados@diputados.gob.mx,"Relaciones Exteriores, Economía, Comercio y Competitividad, Asuntos Frontera Norte"
Miguel Ángel Guevara Rodríguez,Ciudad de México,PAN,miguel.guevara@diputados.gob.mx,"Vigilancia de la Auditoría Superior de la Federación, Movilidad, Defensa Nacional"
Blanca Leticia Gutiérrez Garza,Tamaulipas,PAN,blanca.gutierrez@diputados.gob.mx,"Igualdad de Género, Comunicaciones y Transportes, Asuntos Migratorios"
Diana Estefanía Gutiérrez Valtierra,Guanajuato,PAN,estefania.gutierrez@diputados.gob.mx,"Vigilancia de la Auditoría Superior de la Federación, Relaciones Exteriores, Medio Ambiente y Recursos Naturales"
María Del Rosario Guzmán Avilés,Veracruz,PAN,mdelrosario.guzman@diputados.gob.mx,"Protección Civil y Prevención de Desastres, Ganadería, Defensa Nacional"
Asael Hernández Cerón,Hidalgo,PAN,asael.hernandez@diputados.gob.mx,"Pueblos Indígenas y Afromexicanos, Medio Ambiente y Recursos Naturales, Gobernación y Población"
José Manuel Hinojosa Pérez,Michoacán,PAN,jose.hinojosa@diputados.gob.mx,"Salud, Pueblos Indígenas y Afromexicanos, Asuntos Migratorios"
Genoveva Huerta Villegas,Puebla,PAN,genoveva.huerta@diputados.gob.mx,"Trabajo y Previsión Social, Pueblos Indígenas y Afromexicanos, Energía"
José Mario Iñiguez Franco,Jalisco,PAN,jose.iniguez@diputados.gob.mx,"Salud, Desarrollo y Conservación Rural, Agrícola y Autosuficiencia Alimentaria, Deporte"
Julia Licet Jiménez Angulo,Colima,PAN,julia.jimenez@diputados.gob.mx,"Vivienda, Turismo, Marina"
Silvia Patricia Jiménez Delgado,Durango,PAN,patricia.jimenez@diputados.gob.mx,"Presupuesto y Cuenta Pública, Infraestructura, Atención a Grupos Vulnerables"
Theodoros Kalionchiz De La Fuente,Coahuila,PAN,theodoros.kalionchiz@diputados.gob.mx,"Trabajo y Previsión Social, Recursos Hidráulicos, Agua Potable y Saneamiento, Energía"
José Elías Lixa Abimerhi,Yucatán,PAN,elias.lixa@diputados.gob.mx,Relaciones Exteriores
Kenia López Rabadán,Ciudad de México,PAN,kenia.lopez@diputados.gob.mx,diversas comisiones legislativas
Noemí Berenice Luna Ayala,Zacatecas,PAN,noemi.luna@diputados.gob.mx,"Seguridad Social, Reforma Política-Electoral, Puntos Constitucionales"
Laura Cristina Márquez Alcalá,Guanajuato,PAN,laura.marquez@diputados.gob.mx,"Puntos Constitucionales, Educación, Ciencia, Tecnología e Innovación"
Alan Sahir Márquez Becerra,Guanajuato,PAN,alan.marquez@diputados.gob.mx,diversas comisiones legislativas
Elizabeth Martínez Álvarez,Aguascalientes,PAN,elizabeth.alvarez@diputados.gob.mx,"Economía Social y Fomento del Cooperativismo, Atención a Grupos Vulnerables, Derechos de la Niñez y Adolescencia"
Germán Martínez Cázares,Michoacán,PAN,german.martinez@diputados.gob.mx,"Seguridad Social, Jurisdiccional, Cultura y Cinematografía"
Paulo Gonzalo Martínez López,Aguascalientes,PAN,paulo.martinez@diputados.gob.mx,"Recursos Hidráulicos, Agua Potable y Saneamiento, Presupuesto y Cuenta Pública, Ganadería"
Víctor Adrián Martínez Terrazas,Morelos,PAN,adrian.martinez@diputados.gob.mx,"Relaciones Exteriores, Radio y Televisión, Asuntos Migratorios"
Miguel Angel Monraz Ibarra,Jalisco,PAN,miguel.monraz@diputados.gob.mx,"Zonas Metropolitanas, Medio Ambiente y Recursos Naturales, Radio y Televisión"
Martha Amalia Moya Bastón,Estado de México,PAN,martha.moya@diputados.gob.mx,"Protección Civil y Prevención de Desastres, Derechos Humanos, Defensa Nacional"
Jesús Antonio Nader Nasrallah,Tamaulipas,PAN,jesus.nader@diputados.gob.mx,"Energía, Economía, Comercio y Competitividad, Ciencia, Tecnología e Innovación"
Homero Ricardo Niño De Rivera Vela,Nuevo León,PAN,homero.ninoderivera@diputados.gob.mx,"Medio Ambiente y Recursos Naturales, Hacienda y Crédito Público, Defensa Nacional"
Nancy Aracely Olguín Díaz,Nuevo León,PAN,nancy.olguin@diputados.gob.mx,"Presupuesto y Cuenta Pública, Movilidad, Federalismo y Desarrollo Municipal"
Amparo Lilia Olivares Castañeda,Nuevo León,PAN,lily.olivaresc@diputados.gob.mx,"Vigilancia de la Auditoría Superior de la Federación, Federalismo y Desarrollo Municipal, Educación"
Liliana Ortiz Pérez,Puebla,PAN,liliana.ortiz@diputados.gob.mx,"Turismo, Salud, Educación"
Tania Palacios Kuri,Querétaro,PAN,tania.palacios@diputados.gob.mx,"Igualdad de Género, Atención a Grupos Vulnerables, Turismo"
Francisco Pelayo Covarrubias,Baja California,PAN,francisco.pelayo@diputados.gob.mx,"Recursos Hidráulicos, Agua Potable y Saneamiento, Pesca, Infraestructura"
Víctor Manuel Pérez Díaz,Nuevo León,PAN,manuel.perez@diputados.gob.mx,"Economía Social y Fomento del Cooperativismo, Derechos Humanos, Comunicaciones y Transportes"
Verónica Pérez Herrera,Durango,PAN,veronica.perez@diputados.gob.mx,"Transparencia y Anticorrupción, Salud, Hacienda y Crédito Público"
Claudia Quiñones Garrido,Veracruz,PAN,claudia.quinones@diputados.gob.mx,"Derechos de la Niñez y Adolescencia, Pueblos Indígenas y Afromexicanos, Ganadería"
Éctor Jaime Ramírez Barba,Guanajuato,PAN,ector.ramirez@diputados.gob.mx,"Transparencia y Anticorrupción, Seguridad Social, Salud"
Julen Rementería Del Puerto,Veracruz,PAN,julen.rementeria@diputados.gob.mx,Vigilancia de la Auditoría Superior de la Federación
César Augusto Rendón García,Tamaulipas,PAN,cesar.rendon@diputados.gob.mx,"Relaciones Exteriores, Hacienda y Crédito Público, Ciencia, Tecnología e Innovación"
Diego Angel Rodríguez Barroso,Guanajuato,PAN,diego.rodriguez@diputados.gob.mx,"Presupuesto y Cuenta Pública, Juventud, Asuntos Migratorios"
María Isabel Rodríguez Heredia,Yucatán,PAN,isabel.rodriguez@diputados.gob.mx,"Vigilancia de la Auditoría Superior de la Federación, Educación, Bienestar"
Luis Agustín Rodríguez Torres,Sonora,PAN,agustin.rodriguez@diputados.gob.mx,"Ganadería, Asuntos Frontera Norte, Régimen, Reglamentos y Prácticas Parlamentarias"
José Alfonso Rubalcava Jiménez,Aguascalientes,PAN,jose.rubalcava@diputados.gob.mx,"Vigilancia de la Auditoría Superior de la Federación, Justicia, Infraestructura"
Paulina Rubio Fernández,Jalisco,PAN,paulina.rubio@diputados.gob.mx,diversas comisiones legislativas
Miguel Ángel Salim Alle,Guanajuato,PAN,miguel.salim@diputados.gob.mx,"Zonas Metropolitanas, Régimen, Reglamentos y Prácticas Parlamentarias, Economía, Comercio y Competitividad"
Ernesto Sánchez Rodríguez,Quintana Roo,PAN,ernesto.sanchez@diputados.gob.mx,"Transparencia y Anticorrupción, Economía, Comercio y Competitividad, Asuntos Frontera Sur"
Roberto Sosa Pichardo,Querétaro,PAN,roberto.sosa@diputados.gob.mx,"Turismo, Deporte, Bienestar"
Armando Tejeda Cid,Michoacán,PAN,armando.tejeda@diputados.gob.mx,"Vivienda, Reforma Política-Electoral, Presupuesto y Cuenta Pública"
Héctor Saúl Téllez Hernández,Ciudad de México,PAN,hectorsaul.tellez@diputados.gob.mx,"Transparencia y Anticorrupción, Presupuesto y Cuenta Pública, Bienestar"
Marcelo De Jesús Torres Cofiño,Coahuila,PAN,marcelo.torres@diputados.gob.mx,"Recursos Hidráulicos, Agua Potable y Saneamiento, Gobernación y Población, Economía, Comercio y Competitividad"
Fernando Torres Graciano,Guanajuato,PAN,fernando.torres@diputados.gob.mx,"Reforma Política-Electoral, Puntos Constitucionales, Gobernación y Población"
Eva María Vásquez Hernández,Baja California,PAN,eva.vasquez@diputados.gob.mx,"Hacienda y Crédito Público, Gobernación y Población, Desarrollo Urbano y Ordenamiento Territorial"
Alonso De Jesús Vázquez Jiménez,Jalisco,PAN,alonso.vazquez@diputados.gob.mx,"Protección Civil y Prevención de Desastres, Ganadería, Educación"
César Augusto Verástegui Ostos,Tamaulipas,PAN,cesar.verastegui@diputados.gob.mx,"Marina, Ganadería, Desarrollo y Conservación Rural, Agrícola y Autosuficiencia Alimentaria"
Margarita Ester Zavala Gómez Del Campo,Ciudad de México,PAN,margarita.zavala@diputados.gob.mx,"Presupuesto y Cuenta Pública, Defensa Nacional, Justicia"
Anabel Acosta Islas,Sonora,PVEM,anabel.acosta@diputados.gob.mx,"Energía, Deporte, Ciencia, Tecnología e Innovación"
Adolfo Alatriste Cantú,Puebla,PVEM,adolfo.alatriste@diputados.gob.mx,"Seguridad Ciudadana, Pueblos Indígenas y Afromexicanos, Asuntos Migratorios"
Ricardo Astudillo Suárez,Querétaro,PVEM,ricardo.astudillo@diputados.gob.mx,"Puntos Constitucionales, Presupuesto y Cuenta Pública, Energía"
Eruviel Ávila Villegas,Estado de México,PVEM,eruviel.avila@diputados.gob.mx,"Vigilancia de la Auditoría Superior de la Federación, Ciencia, Tecnología e Innovación"
Alejandro Avilés Álvarez,Oaxaca,PVEM,alejandro.aviles@diputados.gob.mx,"Jurisdiccional, Gobernación y Población, Desarrollo Urbano y Ordenamiento Territorial"
Oscar Bautista Villegas,San Luis Potosí,PVEM,oscar.bautista@diputados.gob.mx,"Presupuesto y Cuenta Pública, Vivienda, Recursos Hidráulicos, Agua Potable y Saneamiento"
Gabriela Benavides Cobos,Colima,PVEM,gabriela.benavides@diputados.gob.mx,"Trabajo y Previsión Social, Marina, Medio Ambiente y Recursos Naturales"
Raúl Bolaños-Cacho Cué,Oaxaca,PVEM,raul.bolanos@diputados.gob.mx,diversas comisiones legislativas
José Braña Mojica,Tamaulipas,PVEM,jose.brana@diputados.gob.mx,"Ganadería, Deporte, Bienestar"
Ma. Del Carmen Cabrera Lagunas,Guerrero,PVEM,madelcarmen.cabrera@diputados.gob.mx,"Presupuesto y Cuenta Pública, Pesca, Desarrollo y Conservación Rural, Agrícola y Autosuficiencia Alimentaria"
Carlos Enrique Canturosas Villarreal,Tamaulipas,PVEM,carlos.canturosas@diputados.gob.mx,"Seguridad Ciudadana, Hacienda y Crédito Público, Gobernación y Población"
Liliana Carbajal Méndez,Estado de México,PVEM,liliana.carbajal@diputados.gob.mx,"Federalismo y Desarrollo Municipal, Bienestar, Justicia"
Juan Luis Carrillo Soberanis,Quintana Roo,PVEM,juan.carrillo@diputados.gob.mx,"Puntos Constitucionales, Presupuesto y Cuenta Pública, Marina"
Manuel Alejandro Cota Cárdenas,Baja California Sur,PVEM,manuel.cota@diputados.gob.mx,"Vivienda, Turismo, Medio Ambiente y Recursos Naturales"
Fatima Almendra Cruz Peláez,Puebla,PVEM,fatima.cruz@diputados.gob.mx,"Justicia, Relaciones Exteriores, Movilidad"
Jesús Martín Cuanalo Araujo,Estado de México,PVEM,jesus.cuanalo@diputados.gob.mx,"Recursos Hidráulicos, Agua Potable y Saneamiento, Medio Ambiente y Recursos Naturales, Desarrollo Urbano y Ordenamiento Territorial"
Héctor Alfonso De La Garza Villarreal,Nuevo León,PVEM,hector.delagarza@diputados.gob.mx,"Gobernación y Población, Energía, Asuntos Frontera Norte"
Marco Antonio De La Mora Torreblanca,Guerrero,PVEM,marco.delamora@diputados.gob.mx,"Relaciones Exteriores, Recursos Hidráulicos, Agua Potable y Saneamiento, Presupuesto y Cuenta Pública"
Casandra Prisilla De Los Santos Flores,Tamaulipas,PVEM,casandra.delossantos@diputados.gob.mx,"Salud, Pesca, Atención a Grupos Vulnerables"
Felipe Miguel Delgado Carrillo,Ciudad de México,PVEM,felipe.delgado@diputados.gob.mx,"Defensa Nacional, Bienestar, Justicia"
José Luis Durán Reveles,Estado de México,PVEM,joseluis.duran@diputados.gob.mx,"Radio y Televisión, Federalismo y Desarrollo Municipal, Comunicaciones y Transportes"
Mayra Espino Suárez,Baja California,PVEM,mayra.espino@diputados.gob.mx,"Seguridad Social, Movilidad, Igualdad de Género, Cambio Climático y Sostenibilidad"
Nayeli Arlen Fernández Cruz,Ciudad de México,PVEM,nayeli.fernandez@diputados.gob.mx,diversas comisiones legislativas
José Luis Fernández Martínez,San Luis Potosí,PVEM,joseluis.fernandez@diputados.gob.mx,"Reforma Política-Electoral, Puntos Constitucionales, Zonas Metropolitanas"
Celia Esther Fonseca Galicia,Ciudad de México,PVEM,celia.fonseca@diputados.gob.mx,"Transparencia y Anticorrupción, Seguridad Social, Federalismo y Desarrollo Municipal"
María Graciela Gaitán Díaz,San Luis Potosí,PVEM,maria.gaitan@diputados.gob.mx,"Salud, Educación, Derechos Humanos"
José Antonio Gali López,Puebla,PVEM,jose.gali@diputados.gob.mx,"Zonas Metropolitanas, Economía, Comercio y Competitividad, Deporte"
Fausto Gallardo García,Baja California,PVEM,fausto.gallardo@diputados.gob.mx,"Marina, Medio Ambiente y Recursos Naturales, Energía"
Ricardo Gallardo Juárez,San Luis Potosí,PVEM,ricardo.gallardo@diputados.gob.mx,"Vigilancia de la Auditoría Superior de la Federación, Ganadería"
Deliamaria Gonzalez Flandez,Chiapas,PVEM,deliamaria.gonzalez@diputados.gob.mx,"Derechos de la Niñez y Adolescencia, Asuntos Migratorios, Asuntos Frontera Sur"
Carlos Alberto Guevara Garza,Nuevo León,PVEM,alberto.guevara@diputados.gob.mx,"Puntos Constitucionales, Salud, Educación"
Denisse Guzmán González,Veracruz,PVEM,denisse.guzman@diputados.gob.mx,"Recursos Hidráulicos, Agua Potable y Saneamiento, Hacienda y Crédito Público, Comunicaciones y Transportes"
José Luis Hernández Pérez,Estado de México,PVEM,jose.hernandez@diputados.gob.mx,"Desarrollo Urbano y Ordenamiento Territorial, Comunicaciones y Transportes, Atención a Grupos Vulnerables"
Blanca Estela Hernández Rodríguez,Veracruz,PVEM,blanca.hernandez@diputados.gob.mx,"Ganadería, Desarrollo y Conservación Rural, Agrícola y Autosuficiencia Alimentaria, Bienestar"
Javier Octavio Herrera Borunda,Veracruz,PVEM,javier.herrera@diputados.gob.mx,"Transparencia y Anticorrupción, Régimen, Reglamentos y Prácticas Parlamentarias, Vigilancia de la Auditoría Superior de la Federación"
Azucena Huerta Romero,Estado de México,PVEM,azucena.huerta@diputados.gob.mx,"Educación, Recursos Hidráulicos, Agua Potable y Saneamiento, Juventud"
Hilda Magdalena Licerio Valdes,Coahuila,PVEM,hilda.licerio@diputados.gob.mx,"Salud, Seguridad Social, Educación"
Mario Alberto López Hernández,Tamaulipas,PVEM,alberto.lopez@diputados.gob.mx,"Asuntos Frontera Norte, Presupuesto y Cuenta Pública, Hacienda y Crédito Público"
Carlos Arturo Madrazo Silva,Ciudad de México,PVEM,carlos.a.madrazo@diputados.gob.mx,"Seguridad Ciudadana, Gobernación y Población, Justicia"
Ricardo Madrid Pérez,Ciudad de México,PVEM,ricardo.madrid@diputados.gob.mx,"Vigilancia de la Auditoría Superior de la Federación, Recursos Hidráulicos, Agua Potable y Saneamiento, Desarrollo y Conservación Rural, Agrícola y Autosuficiencia Alimentaria"
Ivan Marin Rangel,Estado de México,PVEM,ivan.marin@diputados.gob.mx,"Vivienda, Desarrollo Urbano y Ordenamiento Territorial, Bienestar"
María Luisa Mendoza Mondragón,Estado de México,PVEM,marialuisa.mendoza@diputados.gob.mx,"Relaciones Exteriores, Justicia, Educación"
Luis Enrique Miranda Barrera,Estado de México,PVEM,luis.miranda@diputados.gob.mx,"Juventud, Infraestructura, Economía, Comercio y Competitividad"
María Del Carmen Nava García,Guerrero,PVEM,maria.nava@diputados.gob.mx,"Pueblos Indígenas y Afromexicanos, Movilidad, Atención a Grupos Vulnerables"
Ma. Leonor Noyola Cervantes,San Luis Potosí,PVEM,leonor.noyola@diputados.gob.mx,"Seguridad Ciudadana, Derechos Humanos, Atención a Grupos Vulnerables"
Ernesto Núñez Aguilar,Michoacán,PVEM,ernesto.nunez@diputados.gob.mx,"Medio Ambiente y Recursos Naturales, Infraestructura, Hacienda y Crédito Público"
Héctor Pedroza Jiménez,Estado de México,PVEM,hector.pedroza@diputados.gob.mx,"Marina, Hacienda y Crédito Público, Defensa Nacional"
Alejandro Pérez Cuéllar,Chihuahua,PVEM,alejandro.perez@diputados.gob.mx,"Movilidad, Asuntos Frontera Norte"
Carlos Alberto Puente Salas,Zacatecas,PVEM,carlos.puente@diputados.gob.mx,"Relaciones Exteriores, Reforma Política-Electoral"
Jonathan Puertos Chimalhua,Veracruz,PVEM,jonathan.puertos@diputados.gob.mx,"Pueblos Indígenas y Afromexicanos, Infraestructura, Asuntos Migratorios"
Luis Orlando Quiroga Treviño,Nuevo León,PVEM,luis.quiroga@diputados.gob.mx,"Energía, Comunicaciones y Transportes, Ciencia, Tecnología e Innovación"
Antonio De Jesús Ramírez Ramos,Jalisco,PVEM,antoniodej.ramirez@diputados.gob.mx,"Zonas Metropolitanas, Educación, Comunicaciones y Transportes"
Ciria Yamile Salomón Durán,Hidalgo,PVEM,yamile.salomon@diputados.gob.mx,"Turismo, Pueblos Indígenas y Afromexicanos, Desarrollo y Conservación Rural, Agrícola y Autosuficiencia Alimentaria"
Claudia Sánchez Juárez,Estado de México,PVEM,claudia.sanchez@diputados.gob.mx,"Vivienda, Defensa Nacional, Atención a Grupos Vulnerables"
Ana Erika Santana González,Baja California,PVEM,ana.santana@diputados.gob.mx,"Puntos Constitucionales, Gobernación y Población, Cultura y Cinematografía"
Julio Javier Scherer Pareyón,Oaxaca,PVEM,julio.scherer@diputados.gob.mx,"Seguridad Ciudadana, Relaciones Exteriores, Economía, Comercio y Competitividad"
Ruth Maricela Silva Andraca,Ciudad de México,PVEM,ruth.silva@diputados.gob.mx,"Jurisdiccional, Puntos Constitucionales, Cambio Climático y Sostenibilidad"
Karina Alejandra Trujillo Trujillo,Chiapas,PVEM,karina.trujillo@diputados.gob.mx,"Turismo, Igualdad de Género, Asuntos Frontera Sur"
Juan Carlos Valladares Eichelmann,San Luis Potosí,PVEM,juan.valladares@diputados.gob.mx,"Relaciones Exteriores, Energía, Economía, Comercio y Competitividad"
Gerardo Villarreal Solis,Durango,PVEM,gerardo.villarreal@diputados.gob.mx,"Infraestructura, Desarrollo y Conservación Rural, Agrícola y Autosuficiencia Alimentaria, Ciencia, Tecnología e Innovación"
Jorge Luis Villatoro Osorio,Chiapas,PVEM,jorge.villatoro@diputados.gob.mx,"Vigilancia de la Auditoría Superior de la Federación, Transparencia y Anticorrupción, Asuntos Frontera Sur"
Cindy Winkler Trujillo,Morelos,PVEM,cindy.winkler@diputados.gob.mx,"Seguridad Social, Presupuesto y Cuenta Pública, Hacienda y Crédito Público"
Lilia Aguilar Gil,Chihuahua,PT,lilia.aguilar@diputados.gob.mx,"Jurisdiccional, Vivienda, Puntos Constitucionales, Justicia"
José Alejandro Aguilar López,Tlaxcala,PT,jalejandro.aguilar@diputados.gob.mx,"Economía, Comercio y Competitividad, Defensa Nacional, Cultura y Cinematografía"
Roberto Armando Albores Gleason,Chiapas,PT,roberto.albores@diputados.gob.mx,"Turismo, Hacienda y Crédito Público, Infraestructura"
Diana Karina Barreras Samaniego,Sonora,PT,diana.barreras@diputados.gob.mx,"Relaciones Exteriores, Derechos de la Niñez y Adolescencia, Justicia"
José Alberto Benavides Castañeda,Ciudad de México,PT,jose.benavides@diputados.gob.mx,"Cambio Climático y Sostenibilidad, Presupuesto y Cuenta Pública, Economía, Comercio y Competitividad"
Mary Carmen Bernal Martínez,Michoacán,PT,mary.bernal@diputados.gob.mx,"Gobernación y Población, Puntos Constitucionales, Jurisdiccional, Justicia"
Diana Castillo Gabino,Estado de México,PT,diana.castillo@diputados.gob.mx,"Pueblos Indígenas y Afromexicanos, Medio Ambiente y Recursos Naturales, Derechos Humanos"
Jesús Roberto Corral Ordóñez,Chihuahua,PT,jesus.corral@diputados.gob.mx,"Recursos Hidráulicos, Agua Potable y Saneamiento, Deporte, Bienestar"
Martha Aracely Cruz Jiménez,Oaxaca,PT,martha.cruz@diputados.gob.mx,"Salud, Pueblos Indígenas y Afromexicanos, Cambio Climático y Sostenibilidad"
María Isidra De La Luz Rivas,Ciudad de México,PT,maria.delaluz@diputados.gob.mx,"Asuntos Migratorios, Cambio Climático y Sostenibilidad, Relaciones Exteriores"
Ana Luisa Del Muro García,Zacatecas,PT,ana.delmuro@diputados.gob.mx,"Igualdad de Género, Desarrollo y Conservación Rural, Agrícola y Autosuficiencia Alimentaria, Comunicaciones y Transportes"
Luis Armando Díaz,Baja California Sur,PT,luis.armando@diputados.gob.mx,"Pesca, Marina, Hacienda y Crédito Público"
Greycy Marian Durán Alarcón,Chihuahua,PT,greycy.duran@diputados.gob.mx,"Seguridad Ciudadana, Salud, Juventud"
Olga Juliana Elizondo Guerra,Tamaulipas,PT,olga.elizondo@diputados.gob.mx,"Recursos Hidráulicos, Agua Potable y Saneamiento, Energía, Atención a Grupos Vulnerables"
Nora Yessica Merino Escamilla,Puebla,PT,nora.escamilla@diputados.gob.mx,"Transparencia y Anticorrupción, Vigilancia de la Auditoría Superior de la Federación, Asuntos Migratorios"
Francisco Amadeo Espinosa Ramos,Chiapas,PT,francisco.espinosa@diputados.gob.mx,"Presupuesto y Cuenta Pública, Educación, Asuntos Frontera Sur"
Ramón Angel Flores Robles,Sonora,PT,ramon.flores@diputados.gob.mx,"Pesca, Marina, Energía"
Patricia Galindo Alarcón,Estado de México,PT,patricia.galindo@diputados.gob.mx,"Zonas Metropolitanas, Turismo, Desarrollo Urbano y Ordenamiento Territorial"
Irma Yordana Garay Loredo,Tlaxcala,PT,irma.garay@diputados.gob.mx,"Igualdad de Género, Puntos Constitucionales, Derechos de la Niñez y Adolescencia"
Margarita García García,Oaxaca,PT,margarita.garcia@diputados.gob.mx,"Transparencia y Anticorrupción, Trabajo y Previsión Social, Salud"
Jesús Fernando García Hernández,Sinaloa,PT,jesus.garcia@diputados.gob.mx,"Recursos Hidráulicos, Agua Potable y Saneamiento, Pesca, Desarrollo y Conservación Rural, Agrícola y Autosuficiencia Alimentaria"
José Gloria López,Nuevo León,PT,jose.gloria@diputados.gob.mx,"Recursos Hidráulicos, Agua Potable y Saneamiento, Infraestructura, Desarrollo y Conservación Rural, Agrícola y Autosuficiencia Alimentaria"
Amarante Gonzalo Gómez Alarcón,Jalisco,PT,amarante.gomez@diputados.gob.mx,"Seguridad Social, Economía Social y Fomento del Cooperativismo, Derechos Humanos"
Adrián González Naveda,Veracruz,PT,adrian.gonzalez@diputados.gob.mx,"Radio y Televisión, Gobernación y Población, Bienestar"
Santiago González Soto,Nuevo León,PT,santiago.gonzalez@diputados.gob.mx,"Economía, Comercio y Competitividad, Cultura y Cinematografía, Ciencia, Tecnología e Innovación"
Francisco Javier Guízar Macías,Jalisco,PT,francisco.guizar@diputados.gob.mx,"Seguridad Ciudadana, Hacienda y Crédito Público, Defensa Nacional"
Olga Lidia Herrera Natividad,Nuevo León,PT,olga.herrera@diputados.gob.mx,"Federalismo y Desarrollo Municipal, Economía Social y Fomento del Cooperativismo, Comunicaciones y Transportes"
Rosalia León Rosas,Aguascalientes,PT,rosalia.leon@diputados.gob.mx,"Protección Civil y Prevención de Desastres, Educación, Ciencia, Tecnología e Innovación"
Vanessa López Carrillo,Michoacán,PT,vanessa.lopez@diputados.gob.mx,"Turismo, Igualdad de Género, Desarrollo y Conservación Rural, Agrícola y Autosuficiencia Alimentaria"
José Antonio López Ruíz,Puebla,PT,antonio.lopez@diputados.gob.mx,"Vivienda, Medio Ambiente y Recursos Naturales, Hacienda y Crédito Público"
José Alejandro López Sánchez,Oaxaca,PT,jose.lopez@diputados.gob.mx,"Turismo, Pueblos Indígenas y Afromexicanos, Bienestar"
Emilio Manzanilla Téllez,Estado de México,PT,emilio.manzanilla@diputados.gob.mx,"Seguridad Ciudadana, Federalismo y Desarrollo Municipal, Comunicaciones y Transportes"
Maribel Martínez Ruiz,Oaxaca,PT,mmartinez.ruiz@diputados.gob.mx,"Reforma Política-Electoral, Cultura y Cinematografía, Vivienda"
Luis Enrique Martínez Ventura,Estado de México,PT,enrique.martinez@diputados.gob.mx,"Energía, Desarrollo Urbano y Ordenamiento Territorial, Comunicaciones y Transportes"
Ricardo Sóstenes Mejía Berdeja,Coahuila,PT,ricardo.mejia@diputados.gob.mx,"Energía, Transparencia y Anticorrupción, Justicia"
José Luis Montalvo Luna,Estado de México,PT,jose.montalvo@diputados.gob.mx,"Recursos Hidráulicos, Agua Potable y Saneamiento, Movilidad, Economía Social y Fomento del Cooperativismo"
Carlos Morelos Rodríguez,Chiapas,PT,carlos.morelos@diputados.gob.mx,"Infraestructura, Ganadería, Asuntos Frontera Sur"
Brígido Ramiro Moreno Hernández,Coahuila,PT,brigido.moreno@diputados.gob.mx,"Radio y Televisión, Asuntos Migratorios, Asuntos Frontera Norte"
Magdalena Del Socorro Núñez Monreal,Ciudad de México,PT,magdalena.nunez@diputados.gob.mx,diversas comisiones legislativas
Gerardo Olivares Mejía,Guerrero,PT,gerardo.olivares@diputados.gob.mx,"Vigilancia de la Auditoría Superior de la Federación, Salud, Educación"
Jorge Armando Ortiz Rodríguez,Nayarit,PT,jorge.ortiz@diputados.gob.mx,"Vigilancia de la Auditoría Superior de la Federación, Presupuesto y Cuenta Pública, Desarrollo Urbano y Ordenamiento Territorial"
Ana Karina Rojo Pimentel,Ciudad de México,PT,ana.rojo@diputados.gob.mx,"Trabajo y Previsión Social, Relaciones Exteriores, Bienestar"
José Luis Sánchez González,Jalisco,PT,jluis.sanchez@diputados.gob.mx,"Vivienda, Trabajo y Previsión Social, Gobernación y Población"
Reginaldo Sandoval Flores,Michoacán,PT,reginaldo.sandoval@diputados.gob.mx,"Presupuesto y Cuenta Pública, Hacienda y Crédito Público, Energía"
Wblester Santiago Pineda,Estado de México,PT,wblester.santiago@diputados.gob.mx,"Defensa Nacional, Infraestructura, Educación"
José Luis Téllez Marín,Michoacán,PT,joseluis.tellez@diputados.gob.mx,"Medio Ambiente y Recursos Naturales, Ganadería, Educación"
Javier Vázquez Calixto,Hidalgo,PT,javier.vazquez@diputados.gob.mx,"Vigilancia de la Auditoría Superior de la Federación, Transparencia y Anticorrupción, Seguridad Ciudadana"
Pedro Vázquez González,Ciudad de México,PT,pedro.vazquez@diputados.gob.mx,"Reforma Política-Electoral, Régimen, Reglamentos y Prácticas Parlamentarias, Relaciones Exteriores"
Luis Fernando Vilchis Contreras,Estado de México,PT,luis.vilchis@diputados.gob.mx,"Movilidad, Diversidad, Seguridad Ciudadana"
Laura Irais Ballesteros Mancilla,Querétaro,MC,laura.ballesteros@diputados.gob.mx,diversas comisiones legislativas
Gustavo Adolfo De Hoyos Walther,Baja California,MC,gustavo.dehoyos@diputados.gob.mx,"Hacienda y Crédito Público, Energía, Economía Social y Fomento del Cooperativismo"
Francisco Javier Farias Bailon,Campeche,MC,francisco.farias@diputados.gob.mx,"Turismo, Pesca, Federalismo y Desarrollo Municipal"
Patricia Flores Elizondo,Durango,MC,patricia.flores@diputados.gob.mx,"Recursos Hidráulicos, Agua Potable y Saneamiento, Hacienda y Crédito Público, Energía"
Eduardo Gaona Domínguez,Nuevo León,MC,eduardo.gaona@diputados.gob.mx,"Presupuesto y Cuenta Pública, Hacienda y Crédito Público, Asuntos Frontera Norte"
María De Fátima García León,Oaxaca,MC,mariadefatima.garcia@diputados.gob.mx,"Pueblos Indígenas y Afromexicanos, Derechos de la Niñez y Adolescencia, Bienestar"
Sergio Gil Rullán,Veracruz,MC,sergio.gil@diputados.gob.mx,"Zonas Metropolitanas, Reforma Política-Electoral, Marina"
Tecutli José Guadalupe Gómez Villalobos,Jalisco,MC,tecutli.gomez@diputados.gob.mx,"Turismo, Ganadería, Comunicaciones y Transportes"
Amancay González Franco,Puebla,MC,amancay.gonzalez@diputados.gob.mx,"Salud, Relaciones Exteriores, Educación"
Laura Hernández García,Estado de México,MC,laura.hernandez@diputados.gob.mx,"Puntos Constitucionales, Diversidad, Derechos Humanos"
Mariana Guadalupe Jiménez Zamora,Tlaxcala,MC,mariana.jimenez@diputados.gob.mx,"Relaciones Exteriores, Igualdad de Género, Desarrollo y Conservación Rural, Agrícola y Autosuficiencia Alimentaria"
Paola Michell Longoria López,Nuevo León,MC,paola.longoria@diputados.gob.mx,"Relaciones Exteriores, Juventud, Deporte"
Jorge Alfredo Lozoya Santillán,Chihuahua,MC,jorge.lozoya@diputados.gob.mx,"Infraestructura, Defensa Nacional, Cultura y Cinematografía"
Hugo Manuel Luna Vázquez,Jalisco,MC,hugo.luna@diputados.gob.mx,"Recursos Hidráulicos, Agua Potable y Saneamiento, Movilidad, Marina"
Patricia Mercado Castro,Sonora,MC,patricia.mercado@diputados.gob.mx,"Trabajo y Previsión Social, Seguridad Social, Movilidad"
Anayeli Muñoz Moreno,Aguascalientes,MC,anayeli.munoz@diputados.gob.mx,"Igualdad de Género, Comunicaciones y Transportes, Ciencia, Tecnología e Innovación"
Gloria Elizabeth Núñez Sánchez,Nayarit,MC,gloria.nunez@diputados.gob.mx,"Vivienda, Presupuesto y Cuenta Pública, Economía, Comercio y Competitividad"
Ivonne Aracelly Ortega Pacheco,Yucatán,MC,ivonne.ortega@diputados.gob.mx,"Vigilancia de la Auditoría Superior de la Federación, Seguridad Ciudadana, Régimen, Reglamentos y Prácticas Parlamentarias, Jurisdiccional"
Gildardo Pérez Gabino,Estado de México,MC,gildardo.perez@diputados.gob.mx,"Transparencia y Anticorrupción, Bienestar, Asuntos Migratorios"
Gibrán Ramírez Reyes,Ciudad de México,MC,gibran.ramirez@diputados.gob.mx,"Seguridad Social, Educación, Cultura y Cinematografía"
Irais Virginia Reyes De La Torre,Nuevo León,MC,irais.reyes@diputados.gob.mx,"Transparencia y Anticorrupción, Puntos Constitucionales, Medio Ambiente y Recursos Naturales"
Juan Armando Ruiz Hernández,Estado de México,MC,juan.ruiz@diputados.gob.mx,"Desarrollo Urbano y Ordenamiento Territorial, Deporte, Atención a Grupos Vulnerables"
Claudia Ruiz Massieu Salinas,Ciudad de México,MC,claudia.ruizmassieu@diputados.gob.mx,"Puntos Constitucionales, Radio y Televisión, Presupuesto y Cuenta Pública"
Claudia Gabriela Salas Rodríguez,Jalisco,MC,claudia.salas@diputados.gob.mx,"Vigilancia de la Auditoría Superior de la Federación, Energía, Zonas Metropolitanas"
Juan Ignacio Samperio Montaño,Estado de México,MC,juan.samperio@diputados.gob.mx,"Federalismo y Desarrollo Municipal, Educación, Desarrollo Urbano y Ordenamiento Territorial"
Miguel Ángel Sánchez Rivera,Nuevo León,MC,miguelangel.sanchez@diputados.gob.mx,"Recursos Hidráulicos, Agua Potable y Saneamiento, Gobernación y Población, Cambio Climático y Sostenibilidad"
Pablo Vázquez Ahued,Jalisco,MC,pablo.vazquez@diputados.gob.mx,"Reforma Política-Electoral, Defensa Nacional, Justicia"
Juan Ignacio Zavala Gutiérrez,Ciudad de México,MC,juan.zavala@diputados.gob.mx,"Seguridad Ciudadana, Salud, Justicia"
Guadalupe Araceli Mendoza Arias,Michoacán,INDEPENDIENTE / OTRO,araceli.mendoza@diputados.gob.mx,diversas comisiones legislativas
